--
-- PostgreSQL database cluster dump
--

SET default_transaction_read_only = off;

SET client_encoding = 'UTF8';
SET standard_conforming_strings = on;

--
-- Drop databases (except postgres and template1)
--

DROP DATABASE ibearyou_db;




--
-- Drop roles
--

DROP ROLE ibearyou;


--
-- Roles
--

CREATE ROLE ibearyou;
ALTER ROLE ibearyou WITH SUPERUSER INHERIT CREATEROLE CREATEDB LOGIN REPLICATION BYPASSRLS PASSWORD 'SCRAM-SHA-256$4096:6tLw9O93sopiqzG5Yh/EZg==$tuBWVy/tqqO0v9Rh3MzCa4bqzwh8+DMa5qxGg/LKYpU=:nr4R5ScNQLsrpqPed4gxy6tJvOUpzjOK6lWgVdX9eOY=';






--
-- Databases
--

--
-- Database "template1" dump
--

--
-- PostgreSQL database dump
--

-- Dumped from database version 14.0
-- Dumped by pg_dump version 14.0

SET statement_timeout = 0;
SET lock_timeout = 0;
SET idle_in_transaction_session_timeout = 0;
SET client_encoding = 'UTF8';
SET standard_conforming_strings = on;
SELECT pg_catalog.set_config('search_path', '', false);
SET check_function_bodies = false;
SET xmloption = content;
SET client_min_messages = warning;
SET row_security = off;

UPDATE pg_catalog.pg_database SET datistemplate = false WHERE datname = 'template1';
DROP DATABASE template1;
--
-- Name: template1; Type: DATABASE; Schema: -; Owner: ibearyou
--

CREATE DATABASE template1 WITH TEMPLATE = template0 ENCODING = 'UTF8' LOCALE = 'en_US.utf8';


ALTER DATABASE template1 OWNER TO ibearyou;

\connect template1

SET statement_timeout = 0;
SET lock_timeout = 0;
SET idle_in_transaction_session_timeout = 0;
SET client_encoding = 'UTF8';
SET standard_conforming_strings = on;
SELECT pg_catalog.set_config('search_path', '', false);
SET check_function_bodies = false;
SET xmloption = content;
SET client_min_messages = warning;
SET row_security = off;

--
-- Name: DATABASE template1; Type: COMMENT; Schema: -; Owner: ibearyou
--

COMMENT ON DATABASE template1 IS 'default template for new databases';


--
-- Name: template1; Type: DATABASE PROPERTIES; Schema: -; Owner: ibearyou
--

ALTER DATABASE template1 IS_TEMPLATE = true;


\connect template1

SET statement_timeout = 0;
SET lock_timeout = 0;
SET idle_in_transaction_session_timeout = 0;
SET client_encoding = 'UTF8';
SET standard_conforming_strings = on;
SELECT pg_catalog.set_config('search_path', '', false);
SET check_function_bodies = false;
SET xmloption = content;
SET client_min_messages = warning;
SET row_security = off;

--
-- Name: DATABASE template1; Type: ACL; Schema: -; Owner: ibearyou
--

REVOKE CONNECT,TEMPORARY ON DATABASE template1 FROM PUBLIC;
GRANT CONNECT ON DATABASE template1 TO PUBLIC;


--
-- PostgreSQL database dump complete
--

--
-- Database "ibearyou_db" dump
--

--
-- PostgreSQL database dump
--

-- Dumped from database version 14.0
-- Dumped by pg_dump version 14.0

SET statement_timeout = 0;
SET lock_timeout = 0;
SET idle_in_transaction_session_timeout = 0;
SET client_encoding = 'UTF8';
SET standard_conforming_strings = on;
SELECT pg_catalog.set_config('search_path', '', false);
SET check_function_bodies = false;
SET xmloption = content;
SET client_min_messages = warning;
SET row_security = off;

--
-- Name: ibearyou_db; Type: DATABASE; Schema: -; Owner: ibearyou
--

CREATE DATABASE ibearyou_db WITH TEMPLATE = template0 ENCODING = 'UTF8' LOCALE = 'en_US.utf8';


ALTER DATABASE ibearyou_db OWNER TO ibearyou;

\connect ibearyou_db

SET statement_timeout = 0;
SET lock_timeout = 0;
SET idle_in_transaction_session_timeout = 0;
SET client_encoding = 'UTF8';
SET standard_conforming_strings = on;
SELECT pg_catalog.set_config('search_path', '', false);
SET check_function_bodies = false;
SET xmloption = content;
SET client_min_messages = warning;
SET row_security = off;

SET default_tablespace = '';

SET default_table_access_method = heap;

--
-- Name: card; Type: TABLE; Schema: public; Owner: ibearyou
--

CREATE TABLE public.card (
    card_id integer NOT NULL,
    card_name text NOT NULL,
    card_description character varying(700) NOT NULL,
    cheer_up character varying(700) NOT NULL,
    image_result character varying(500) NOT NULL,
    min_card_score numeric NOT NULL,
    max_card_score numeric NOT NULL
);


ALTER TABLE public.card OWNER TO ibearyou;

--
-- Name: choices; Type: TABLE; Schema: public; Owner: ibearyou
--

CREATE TABLE public.choices (
    choice_id integer NOT NULL,
    next_question_id integer NOT NULL,
    seq character varying(200) NOT NULL,
    des character varying(400) NOT NULL,
    choice_score numeric NOT NULL,
    question_id integer[]
);


ALTER TABLE public.choices OWNER TO ibearyou;

--
-- Name: diary; Type: TABLE; Schema: public; Owner: ibearyou
--

CREATE TABLE public.diary (
    diary_id integer NOT NULL,
    title character varying(45),
    good character varying(100) NOT NULL,
    bad character varying(100) NOT NULL,
    wish character varying(100) NOT NULL,
    create_date timestamp without time zone NOT NULL,
    user_id integer,
    feel_id integer
);


ALTER TABLE public.diary OWNER TO ibearyou;

--
-- Name: diary_diary_id_seq; Type: SEQUENCE; Schema: public; Owner: ibearyou
--

ALTER TABLE public.diary ALTER COLUMN diary_id ADD GENERATED ALWAYS AS IDENTITY (
    SEQUENCE NAME public.diary_diary_id_seq
    START WITH 1
    INCREMENT BY 1
    NO MINVALUE
    NO MAXVALUE
    CACHE 1
);


--
-- Name: feel; Type: TABLE; Schema: public; Owner: ibearyou
--

CREATE TABLE public.feel (
    feel_id integer NOT NULL,
    feel_name text NOT NULL
);


ALTER TABLE public.feel OWNER TO ibearyou;

--
-- Name: heal_sentence; Type: TABLE; Schema: public; Owner: ibearyou
--

CREATE TABLE public.heal_sentence (
    hs_id integer NOT NULL,
    heal_sentence character varying(500) NOT NULL
);


ALTER TABLE public.heal_sentence OWNER TO ibearyou;

--
-- Name: question; Type: TABLE; Schema: public; Owner: ibearyou
--

CREATE TABLE public.question (
    question_id integer[] NOT NULL,
    detail character varying(300) NOT NULL,
    next_question_id integer,
    quest_type_id integer
);


ALTER TABLE public.question OWNER TO ibearyou;

--
-- Name: question_type; Type: TABLE; Schema: public; Owner: ibearyou
--

CREATE TABLE public.question_type (
    quest_type_id integer NOT NULL,
    name character varying(200) NOT NULL
);


ALTER TABLE public.question_type OWNER TO ibearyou;

--
-- Name: questionnaire_question; Type: TABLE; Schema: public; Owner: ibearyou
--

CREATE TABLE public.questionnaire_question (
    qq_id integer NOT NULL,
    questionnaire_id integer,
    question_id integer[],
    create_date timestamp without time zone NOT NULL
);


ALTER TABLE public.questionnaire_question OWNER TO ibearyou;

--
-- Name: questionnaires; Type: TABLE; Schema: public; Owner: ibearyou
--

CREATE TABLE public.questionnaires (
    questionnaire_id integer NOT NULL,
    questionnaire character varying(100) NOT NULL,
    next_questionnaire_id integer[]
);


ALTER TABLE public.questionnaires OWNER TO ibearyou;

--
-- Name: result; Type: TABLE; Schema: public; Owner: ibearyou
--

CREATE TABLE public.result (
    result_id integer NOT NULL,
    user_prompt character varying(500) NOT NULL,
    create_date timestamp without time zone NOT NULL,
    questionnaire_id integer,
    user_id integer,
    card_id integer
);


ALTER TABLE public.result OWNER TO ibearyou;

--
-- Name: sound; Type: TABLE; Schema: public; Owner: ibearyou
--

CREATE TABLE public.sound (
    sound_id integer NOT NULL,
    sound_name character varying(100) NOT NULL,
    sound_link character varying(500) NOT NULL
);


ALTER TABLE public.sound OWNER TO ibearyou;

--
-- Name: users; Type: TABLE; Schema: public; Owner: ibearyou
--

CREATE TABLE public.users (
    user_id integer NOT NULL,
    first_name text NOT NULL,
    last_name text NOT NULL,
    user_name text NOT NULL,
    password character varying(200) NOT NULL,
    email character varying(45),
    create_date timestamp without time zone NOT NULL,
    update_date timestamp without time zone NOT NULL,
    hs_id integer
);


ALTER TABLE public.users OWNER TO ibearyou;

--
-- Name: users_user_id_seq; Type: SEQUENCE; Schema: public; Owner: ibearyou
--

ALTER TABLE public.users ALTER COLUMN user_id ADD GENERATED ALWAYS AS IDENTITY (
    SEQUENCE NAME public.users_user_id_seq
    START WITH 1
    INCREMENT BY 1
    NO MINVALUE
    NO MAXVALUE
    CACHE 1
);


--
-- Data for Name: card; Type: TABLE DATA; Schema: public; Owner: ibearyou
--

COPY public.card (card_id, card_name, card_description, cheer_up, image_result, min_card_score, max_card_score) FROM stdin;
1	THE FIRST MOVING	น้องหมีคิดว่าการเข้าหาเพื่อนก่อนเป็นวิธีที่ดีมากเลยที่จะทำให้เธอและเพื่อนได้ปรับความเข้าใจกันอย่างรวดเร็ว ลองใช้คำพูดน่ารักๆ และสื่อให้เขาได้เห็นว่าเธอรู้สึกผิดจริงๆ บอกขอโทษที่ได้ทำผิดไป และขอโอกาสในการปรับปรุงตัวให้ดีขึ้น ส่วนตัวเราก็ต้องไม่ทำผิดซ้ำอีก จึงจะแสดงให้เห็นว่าเราได้สำนึกผิดแล้วจริงๆ	การที่เรารู้สำนึกผิดและพูดขอโทษออกไปอย่างจริงใจ จะทำให้เพื่อนของเธอรู้สึกดีขึ้นมาอย่างแน่นอน เธอเก่งแล้วที่พยายามจะเข้าไปพูดคุยก่อน เธอต้องทำได้แน่นอน น้องหมีเป็นกำลังใจให้นะ	https://storage.cloud.google.com/card_ibearu/Friend%20-%201.png	11	13.2
2	THE CLAUS	น้องหมีอยากแนะนำว่าการง้อทางการกระทำโดยทางตรงนั้น อาจจะเป็นการซื้อของที่เพื่อนชอบเล็กๆน้อยๆให้กับเพื่อนของเธอ หรืออาจจะเป็นการใส่ใจในสิ่งต่างๆ ไม่ว่าเพื่อนของเธอจะทำอะไร เธอก็คอยเอาใจใส่เป็นพิเศษนั่นเอง	น้องหมีว่าเธอต้องทำให้เพื่อนของเธอรู้สึกดีได้อย่างแน่นอน อาจจะต้องใช้เวลาให้เพื่อนหายโกรธสักพัก และการกระทำที่เธอตั้งใจทำให้เพื่อนนั้นจะทำให้ทุกอย่างดีขึ้นเองนะ	https://storage.cloud.google.com/card_ibearu/Friend%20%20-%202.png	13.3	15.5
3	THE SINCERITY	น้องหมีอยากบอกว่าสิ่งที่เธอคิดทุกอย่างนั้น ถ้าเธอทำออกมาด้วยความจริงใจไม่ว่าจะเป็นทางคำพูดหรือการกระทำ เพื่อนของเธอจะรู้สึกถึงสิ่งที่เธอตั้งใจทำให้อย่างแน่นอนและทุกอย่างจะผ่านไปด้วยดีน้า	การกระทำที่จริงใจของเธอ เพื่อนจะต้องรู้สึกแฮปปี้กับสิ่งที่เธอตั้งใจทำอย่างแน่นอน น้องหมีเป็นกำลังใจให้นะ	https://storage.cloud.google.com/card_ibearu/Friend%20-%203.png	20.2	22.4
4	THE POSTMAN	น้องหมีมีวิธีขอคืนดีโดยการกระทำทางอ้อม หากเธอเป็นคนขี้อายหรือไม่กล้าแสดงออก อาจเริ่มต้นด้วยการเขียนจดหมายส่งถึงเพื่อน ถึงแม้จะเป็นวิธีที่ดู classic  แต่เพื่อนของเธอต้องประทับใจไม่น้อยเลยทีเดียว หรือจะหาใครสักคนมาเป็นสื่อกลางในการช่วยเคลียร์ปัญหา เพราะบางครั้งการแก้ไขปัญหาด้วยตัวเองอาจยากไป การขอความช่วยเหลือจากผู้อื่น ไม่ได้เป็นวิธีที่แย่เลยนะ	วิธีการเขียนจดหมายหรือการหาใครสักคนมาเป็นสื่อกลางเป็นอีกวิธีที่น่ารักนะ อยากให้ลองเอาไปใช้ดูนะงับ น้องหมีเชื่อว่าเพื่อนที่น่ารักของเธอจะใจอ่อนและยอมปรับความเข้าใจกับเธอ	https://storage.cloud.google.com/card_ibearu/Friend%20%20-%204.png	22.5	24.7
5	THE PREPARER	น้องหมีอยากบอกว่าการที่แสดงออกทางอ้อมนั้น ทำได้นะ เธอสามารถทำอย่างไรก็ได้ให้เพื่อนรู้สึกได้ถึงความจริงใจและความรู้สึกผิดที่เธอมีต่อเพื่อน น้องหมีคิดว่าเพียงเท่านี้ก็จะทำให้เพื่อนของเธอรู้สึกดีขึ้นได้แล้วล่ะ	น้องหมีเชื่อว่าสิ่งที่เธอคิดจะทำนั้น ถ้าได้แสดงออกมาด้วยความตั้งใจ และจริงใจ เพื่อนของเธอจะต้องรู้สึกได้ถึงความจริงใจนั้น คุณและเพื่อนของคุณจะได้กลับมาคืนดีกันนะ	https://storage.cloud.google.com/card_ibearu/Friend%20%20-%205.png	24.8	27
6	THE CALMER	น้องหมีไม่อยากให้เธอกับเพื่อนต้องทะเลาะกัน อาจเป็นเพราะอารมณ์ร้อนของกันและกัน ดังนั้น รอให้อารมณ์เธอใจเย็นลงก่อน และเป็นฝ่ายเข้าหาเพื่อน ลองพูดคุยด้วยเหตุผล ก็เป็นวิธีที่ดีนะ น้องหมีเชื่อว่าเพื่อนของเธอก็คงอยากปรับความเข้าใจเช่นกัน	น้องหมีเชื่อว่าเธอจะต้องพิสูจน์ความจริงใจให้เพื่อนของเธอเห็นได้แน่ๆ เพื่อนของเธอจะหายโกรธเธอแน่นอน แต่บางทีอาจจะต้องใช้เวลาสักหน่อย สู้ๆนะงับ น้องหมีจะเพื่อนที่คอยเคียงข้างเธอเสมอ	https://storage.cloud.google.com/card_ibearu/Friend%20-%206.png	15.6	17.8
7	THE PREPARATION	ถึงจะยังไม่กล้าคุยก็ไม่เป็นไรน้า การใช้อารมณ์ในการแก้ปัญหาอาจจะทําให้สถานการณ์แย่ลงได้ น้องหมีจึงได้เตรียมคำแนะนำดีๆไว้ให้แล้ว เราอาจจะลองซื้อของที่เขาชอบไปเซอร์ไพรส์ หรืออาจจะเป็นการเขียนข้อความทิ้งไว้เป็นโน้ตให้เขาด้วยความจริงใจ	น้องหมีคิดว่าไม่ว่าเธอจะทำอะไร แต่ถ้ามันออกมาจากใจของเธอแล้ว เพื่อนของเธอจะต้องรับรู้ได้แน่นอน และเพื่อนจะต้องดีใจที่มีคนใส่ใจเขา เป็นกำลังใจให้นะ	https://storage.cloud.google.com/card_ibearu/Friend%20-%207.png	31.7	33.9
8	THE PENANCE	ถึงตอนนี้เธอจะยังไม่กล้าทักทายเพื่อนก่อนก็ไม่เป็นไรนะ เธอแค่ต้องใช้เวลาในการรวบรวมความกล้าสักหน่อย หรืออาจจะใช้วิธีการอื่นในการคุยกันก็ได้ อาจจะใช้การสื่อสารกันผ่านตัวอักษร เป็นต้น และที่สําคัญอย่าให้อารมณ์เพียงชั่ววูบมาทําลายมิตรภาพที่ดีของเธอและเพื่อนเลย	น้องหมีสัมผัสได้ว่าเธอเป็นคนกล้าหาญมากนะ ดึงความกล้าในตัวเธอออกมาและเข้าไปทักทายเพื่อนเลย น้องหมีเชื่อว่าเธอทําได้แน่นอน คนเก่งของน้องหมี	https://storage.cloud.google.com/card_ibearu/Friend%20-%208.png	27.1	29.3
9	THE TIK-TOK	ตอนนี้เธออาจจะกำลังสับสนหรือกังวลใจอยู่ อาจจะต้องใช้เวลาในการทบทวนสิ่งต่างๆ ถ้าเธอไม่อยากพูดกับเพื่อนตรงๆ อาจจะใช้วิธีการขอคืนดีในรูปแบบอื่นๆ เช่น การพิมพ์คุยผ่าน social media หรือการส่งการ์ดไปให้ 	เธอสามารถคืนดีกับเพื่อนของเธอได้แน่นอน อาจจะต้องใช้เวลาสักหน่อย ถ้ารู้สึกเหงาหรือไม่สบายใจในระหว่างนี้สามารถคุยกับน้องหมี และกอดน้องหมีได้เสมอนะ	https://storage.cloud.google.com/card_ibearu/Friend%20-%209.png	29.4	31.6
10	THE REST	เธอลองทําใจให้สบายก่อนดีไหม แล้วหลังจากนั้นลองคิดทบทวน ว่าควรทําอย่างไรต่อดี แต่ถ้าเป็นไปได้ น้องหมีอยากให้เธอลองเปิดใจฟังอีกฝ่าย หรือเข้าไปคุยด้วยเหตุผล โดยที่ไม่ต้องมองว่าจะถูกหรือผิด บางทีการที่ไม่คํานึกถึงใครถูกหรือผิด และมองปัญหา น้องหมีว่าเธออาจจะได้คําตอบมากกว่านะ	น้องหมีคิดว่าตอนนี้เธออาจจะกําลังรอใครสักคนเข้ามาปลอบโยน และอาจจะสับสนหรือกระวนกระวายใจ ให้ใครสักคนมาเข้าใจเธอ แต่ไม่เป็นไรน้า น้องหมีจะอยู่ข้างๆเธอเอง	https://storage.cloud.google.com/card_ibearu/Friend%20-%2010.png	17.9	20.1
11	THE REWIND	ลองทบทวนเหตุการณ์ที่เกิดขึ้นดูอีกครั้งดีไหม นึกถึงช่วงเวลาที่เธอสองคนมีเวลาดีๆร่วมกัน มันมีความสุขแค่ไหน บางทีเธออาจจะต้องการเพื่อนคนนี้ก็ได้น้า แต่ถ้าไม่ น้องหมีว่า เธอควรปล่อยวางแล้วเริ่มต้นใหม่ กับเช้าที่สดใสนะ	น้องหมีเข้าใจนะว่าตอนนี้เธออาจจะยังไม่โอเค แต่ไม่ว่าจะยังไงอยากให้รู้ไว้ว่าน้องหมีจะยังอยู่กับเธอตรงนี้เสมอ	https://storage.cloud.google.com/card_ibearu/Friend%20-%2011.png	34	35
12	THE HUNTER	การยอมรับว่าตัวเองไม่ไหวกับการพยายามมาแล้วนับครั้งไม่ถ้วนถือว่าเป็นก้าวแรกที่ซื่อสัตย์ต่อความรู้สึกตัวเองที่สุด เพราะฉะนั้นเธอไม่ได้พยายามไม่มากพอหรอกนะ แต่ว่าอาจจะมีสิ่งอื่นที่เธอชอบมากกว่า ดังนั้นเรามาเริ่มต้นใหม่ด้วยการค้นหาสิ่งที่เธอคิดว่าทําได้ดีกันเถอะ	การที่เรารู้ตัวได้เร็วว่าเราชอบอะไรนั้น ถือเป็นสิ่งที่ดีและยังไม่สายเกินไปนะ เธอยังสามารถทำสิ่งที่เธอชอบได้เป็นงานอดิเรก น้องหมีเป็นกำลังใจให้เสมอนะ	https://storage.cloud.google.com/card_ibearu/Study%20-%2012.png	50	51.8
49	THE DECISION	ในเมื่อเธอไม่อยากพัฒนาความสัมพันธ์นี้ต่อ เธอควรไปบอกเขา ไม่ควรปล่อยให้เขารู้สึกกับเธอไปมากกว่านี้	คงลำบากใจอยู่ใช่มั้ย ไม่ว่าอะไรจะเกิดขึ้น น้องหมีจะอยู่ข้างเธอเอง	https://storage.cloud.google.com/card_ibearu/love-49.png	252.6	257.1
13	THE CLIMBER	ถึงตอนนี้เธอยังจะไม่อยากบอกก็ไม่เป็นไรนะ แต่น้องหมีเชื่อว่าการที่เธอได้เจอกับสิ่งที่เธอชอบแล้วนั้น ถือว่าคุ้มค่ามาก ๆ เลย อย่างน้อยเธอก็ได้ค้นพบตัวตนของเธอเอง เธอยังสามารถนำสิ่งที่ตัวเองชอบไปต่อยอดในเรื่องต่าง ๆ ได้ หรือเธออาจจะทำสิ่งที่เธอชอบเป็นงานอดิเรกได้เช่นเดียวกัน	น้องหมีอยากให้เธอนำสิ่งที่เธอชอบไปต่อยอดในด้านต่าง ๆ เธอยังสามารถทำสิ่งที่เธอชอบได้ แม้เธอจะไม่ได้เรียนมาโดยตรงก็ตาม สู้ๆนะ น้องหมีเชื่อว่าเธอทำได้	https://storage.cloud.google.com/card_ibearu/Study%20-%2013.png	55.7	57.5
14	THE QUESTIONER	น้องหมีอยากแนะนำให้เธอได้ลองพูดคุย ปรับความเข้าใจกับคนที่กำหนดการเรียนของเธอก่อน แต่ถ้าหากไม่สามารถเปลี่ยนได้ น้องหมีอยากให้เธอนำสิ่งที่เธอชอบมาประยุกต์กับสิ่งที่เธอเรียนอยู่ก็เป็นสิ่งที่ดีเช่นกัน	ตอนนี้เธออาจจะรู้สึกกังวลใจและไม่สบายใจอยู่ น้องหมีอยากให้เธอรู้ว่าเธอยังมีน้องหมีที่อยู่เคียงข้างเธอเสมอนะ	https://storage.cloud.google.com/card_ibearu/Study%20-%2014.png	46.2	48
15	THE ASSIST	การที่เธอรู้สึกว่าเนื้อหาการเรียนยากเกินไป น้องหมีอยากให้เธอได้พยายามขวนขวายหาความรู้จากบุคคลที่สามารถจะช่วยเหลือเธอได้ การที่เธอพึ่งพาคนอื่นไม่ใช่สิ่งที่แย่เลย แสดงความกล้าในตัวเธอออกมาเพื่อเรียนรู้สิ่งใหม่ ๆ เป็นสิ่งที่ดีมากนะ	น้องหมีอยากให้เธอได้พยายามเรียนรู้สิ่งต่างๆจากคนรอบๆตัว น้องหมีเชื่อว่าเธอจะทำได้ดีขึ้นนะ น้องหมีเป็นกำลังใจ	https://storage.cloud.google.com/card_ibearu/Study%20-%2015.png	57.6	59.4
16	THE DEBATER	น้องหมีอยากแนะนำให้ลองพูดคุยกับอีกฝ่ายด้วยเหตุผลก่อน ปรับความเข้าใจกันว่าเป็นเพราะอะไรถึงทำให้เธอไม่เข้าใจเนื้อหาที่เรียน 	น้องหมีคิดว่าการพูดคุยกันด้วยเหตุผล จะทำให้ทุกอย่างดีขึ้นนะ เธอทำได้ น้องหมีคอยเชียร์เธออยู่ตรงนี้เสมอนะ	https://storage.cloud.google.com/card_ibearu/Study%20-%2016.png	42.4	44.2
17	THE HARD WORKER	อย่างน้อยเธอก็ยังมีใจฮึดสู้และมองเห็นทางออกอยู่บ้าง เพราะฉะนั้นมาลองพยายามแบบที่ไม่บั่นทอนความรู้สึกและจิตใจของตัวเองมากจนเกินไป และหากถึงจุดที่ยังรู้สึกว่าความพยายามใช้ไม่ได้ผลแล้วล่ะก็ การยอมรับว่าตัวเองสู้ไม่ไหวหรือยอมรับว่าไม่ชอบสิ่งที่ตัวเองเรียนอยู่	น้องหมีเคารพการตัดสินใจของเธอเสมอ ดังนั้นไม่ต้องกังวลไปหรอกนะ เพราะที่ผ่านมาเธอทําได้ดีที่สุดแล้ว	https://storage.cloud.google.com/card_ibearu/Study%20-%2017.png	53.8	55.6
18	THE SUCCESS	การยอมรับว่าตัวเองไม่ไหวกับการพยายามมาแล้วนับครั้งไม่ถ้วนถือว่าเป็นก้าวแรกที่ซื่อสัตย์ต่อความรู้สึกตัวเองที่สุด เพราะฉะนั้นเธอไม่ได้พยายามไม่มากพอหรอกนะ แต่ว่าอาจจะมีสิ่งอื่นที่เธอชอบมากกว่า ดังนั้นเรามาเริ่มต้นใหม่ด้วยการค้นหาสิ่งที่เธอคิดว่าทำได้ดีกันเถอะ	สิ่งที่เธอถนัดส่วนมากอาจจะซ่อนอยู่ในงานอดิเรกแบบไม่รู้ตัวก็ได้ หรือถ้าเธอยังไม่ค้นพบ ลองออกไปทำสิ่งใหม่ ๆ เพื่อค้นหาดีไหม แต่ถ้าไม่มีเวลามากพอก็ไม่เป็นไรหรอกนะ สักวันหนึ่งเธออาจจะค้นพบสิ่งที่เธอชอบเอง	https://storage.cloud.google.com/card_ibearu/Study%20-%2018.png	51.9	53.7
19	THE DEJECTION	อยากให้เธอลองทำใจให้สบายก่อน น้องหมีอยากบอกเธอว่าความผิดหวังเป็นสิ่งที่ทุกคนพบเจอได้เป็นธรรมดา และยังถือเป็นบทเรียนที่สอนให้เธอนั้นได้เรียนรู้บางสิ่งบางอย่าง น้องหมีจึงอยากให้เธอผ่อนคลายลง แล้วเธอจะรู้สึกดีขึ้นนะ	ตอนนี้เธอคงกำลังอึดอัดใจอยู่ไม่น้อย น้องหมีอยากให้เธอทำใจให้สบายก่อนนะ น้องหมีอยู่ตรงนี้เสมอแล้วทุกอย่างจะดีขึ้น	https://storage.cloud.google.com/card_ibearu/Study%20-%2019.png	59.5	60.5
20	THE REASON	น้องหมีอยากให้เธอใช้เหตุผลในการพูดคุยและปรับความเข้าใจกับเขาดูก่อนอย่าใช้อารมณ์ เพราะอาจจะทำให้ทุกอย่างแย่ลง ไม่ว่าคำตอบจะเป็นอย่างไรอยากให้เธอเข้มแข็ง  เธอเป็นคนที่กล้าหาญอยู่แล้ว น้องหมีคิดว่าเธอทำได้อยู่แล้ว คนเก่งของน้องหมี	น้องหมีคิดว่าการพูดคุยกันด้วยเหตุผลจะทำให้อีกฝ่ายเข้าใจมากขึ้นนะ เธอทำได้นะ คนเก่งของน้องหมี	https://storage.cloud.google.com/card_ibearu/Study%20-%2020.png	48.1	49.9
21	LET ONESELF ON	ตอนนี้เธออาจจะมีเหตุผลในใจบางอย่างที่ทำให้ไม่อยากพูดคุย ไม่เป็นไรนะ น้องหมีอยากให้เธอทำใจให้สบายก่อน แล้วค่อย ๆ ลองหาวิธีในการสื่อสารทางอ้อม อาจจะช่วยให้ดีขึ้นได้นะ	น้องหมีคิดว่าตอนนี้เธออาจจะกําลังรอใครสักคนเข้ามาปลอบโยน และอาจจะสับสนหรือกังวลใจ แต่ไม่เป็นไรน้า น้องหมีจะเป็นเพื่อนที่คอยอยู่เคียงข้างเธอเอง	https://storage.cloud.google.com/card_ibearu/Study%20-%2021.png	44.3	46.1
22	THE WINNER	น้องหมีดีใจนะที่เห็นเธอมีความสุขกับการเรียนในตอนนี้ เธอเป็นคนที่เก่งมากๆเลยล่ะ แต่ถ้าหากวันไหนที่รู้สึกแย่หรือไม่สบายใจก็กลับมาคุยกับน้องหมีได้เสมอนะ	วันนี้เธอเก่งมากๆแล้วนะ แต่ถ้าหากวันไหนเธอต้องการใครสักคน น้องหมีจะอยู่เคียงข้างเธอเอง	https://storage.cloud.google.com/card_ibearu/Study%20-%2022.png	40.5	42.3
23	THE KNIGHT	เธอเป็นคนกล้าหาญมากเลยนะ เธออาจใช้วิธีในการเป็นฝ่ายเข้าไปคุยกับครอบครัวก่อน วิธีนี้ก็เป็นวิธีที่ดีที่จะทำให้เธอและครอบครัวได้ปรับความเข้าใจกันได้รวดเร็ว ลองใช้เหตุผลในการพูดคุยกัน ค่อย ๆ อธิบายในสิ่งที่เธอคิดและพูดอย่างตรงไปตรงมา รับฟังความคิดเห็นของกันและกัน ก็จะทำให้ปัญหานี้เบาบางลง	เธอเป็นคนเก่งและกล้าหาญมากเลยนะ น้องหมีชื่นชมในตัวเธอมาก ๆ น้องหมีอยากให้เธอลองพูดคุยด้วยเหตุผลไม่ใช้อารมณ์ จะทำให้ปัญหาที่เธอเจอคลี่คลายลงได้	https://storage.cloud.google.com/card_ibearu/Family%20-%2023.png	72.1	73.6
24	THE PARTICIPATION	น้องหมีอยากแนะนำว่าการแสดงออกทางตรงนั้น เธออาจแสดงออกได้ด้วยการเอาใจใส่ครอบครัวให้มากขึ้น ในเวลากิจกรรมของครอบครัว ก็ลองเข้าร่วมกิจกรรมต่าง ๆ เพื่อเป็นการกระชับความสัมพันธ์ภายในครอบครัวให้ดียิ่งขึ้น	วิธีการเข้าร่วมกิจกรรมกับครอบครัวเป็นอีกหนึ่งวิธีที่อยากให้เธอได้ลองทำ อาจจะใช้เวลาในการทำให้คุ้นเคยกันมากขึ้น แต่น้องหมีคิดว่าวิธีนี้จะช่วยให้ความสัมพันธ์ของคนในครอบครัวดีขึ้นในระยะยาว	https://storage.cloud.google.com/card_ibearu/Family%20-%2024.png	73.7	75.2
25	THE HOT COFFEE	การแสดงออกทางอ้อมนั้น เธออาจแสดงออกได้ด้วยการเขียนโน้ตหรือเขียนการ์ดให้กับครอบครัวว่าเรารู้สึกยังไง และอยากให้ครอบครัวเข้าใจในส่วนไหน ในสิ่งที่เขียนไปจะต้องเขียนด้วยเหตุผล ไม่ใช้อารมณ์ เมื่อครอบครัวรับรู้ความรู้สึกและทำความเข้าใจแล้ว ก็อยากให้พูดคุยกันตรง ๆ อีกครั้ง เพื่อให้ปัญหานั้นไม่เกิดขึ้นอีก	วิธีการเขียนโน้ตหรือการ์ดเป็นอีกวิธีที่อยากให้ลองทำดูนะ น้องหมีว่าเป็นวิธีที่น่ารักไม่น้อยเลย น้องหมีเป็นกำลังใจให้เธอเสมอนะ	https://storage.cloud.google.com/card_ibearu/Family%20-%2025.png	78.5	80
26	THE COMPROMISE	การที่เธอเลือกแสดงออกทางอ้อมนั้นก็เป็นสิ่งที่ทำได้เหมือนกันนะ เพียงแค่เราแสดงออกด้วยความจริงใจ และตั้งใจทำให้เขาเห็นว่าเรารู้สึกอย่างไร สิ่งใดที่เราทำไม่ถูกก็แสดงให้เห็นว่าเราได้สำนึกผิดแล้วจริง ๆ	น้องหมีเชื่อว่าสิ่งที่เธอคิดจะทำนั้น ถ้าแสดงออกมาด้วยความจริงใจและตั้งใจ ครอบครัวของเธอจะรับรู้ความรู้สึกของเธอได้มากขึ้นนะ น้องหมีเป็นกำลังใจให้นะ	https://storage.cloud.google.com/card_ibearu/Family%20-%2026.png	80.1	81.6
27	THE TIMER	น้องหมีไม่อยากให้เธอกับครอบครัวองเธอต้องมีความรู้สึกที่ไม่ดีต่อกัน อาจเป็นเพราะอารมณ์ร้อนของกันและกัน ดังนั้น รอให้อารมณ์เธอใจเย็นลงก่อน และเป็นฝ่ายเข้าหาครอบครัวของเธอ ลองพูดคุยด้วยเหตุผล ก็เป็นวิธีที่ดีนะ น้องหมีเชื่อว่าครอบครัวของเธอก็คงอยากปรับความเข้าใจเช่นกัน	เธอจะต้องพิสูจน์ความจริงใจให้ครอบครัวของเธอเห็นได้แน่ๆ ครอบครัวของเธอจะรับรู้ความรู้สึกของเธอได้มากขึ้น แต่บางทีอาจจะต้องใช้เวลาสักหน่อย สู้ๆนะงับ น้องหมีจะเพื่อนที่คอยเคียงข้างเธอเสมอ	https://storage.cloud.google.com/card_ibearu/Family%20-%2027.png	76.9	78.4
28	THE PLAN	ถึงจะยังไม่กล้าคุยก็ไม่เป็นไรนะ การใช้อารมณ์ในการแก้ปัญหาอาจจะทําให้สถานการณ์แย่ลงได้ น้องหมีจึงได้เตรียมคําแนะนําดี ๆ ไว้ให้แล้ว เราอาจจะเขียนโน้ตหรือการ์ดให้ครอบครัว แต่เป็นการเขียนด้วยเหตุผล อธิบายไปว่าเราคิดยังไงและรู้สึกอย่างไร 	น้องหมีคิดว่าไม่ว่าเธอจะทําอะไร แต่ถ้ามันออกมาจากใจของเธอแล้ว ครอบครัวของเธอจะต้องรับรู้ได้แน่นอน และครอบครัวของเธอจะต้องดีใจที่มีคนใส่ใจเขา เป็นกําลังใจให้นะ	https://storage.cloud.google.com/card_ibearu/Family%20-%2028.png	81.7	83.2
29	THE TANK	ถึงตอนนี้เธอจะยังไม่กล้าเข้าไปคุยกับครอบครัวก่อนก็ไม่เป็นไรนะ เธอแค่ต้องใช้เวลาในการรวบรวมความกล้าสักหน่อย หรืออาจจะใช้วิธีการอื่นในการคุยกันก็ได้ อาจจะใช้การสื่อสารกันผ่านตัวอักษร เป็นต้น และที่สําคัญอย่าให้อารมณ์เพียงชั่ววูบมาทําลายความสัมพันธ์ที่ดีของเธอและครอบครัวเลย	น้องหมีสัมผัสได้ว่าเธอเป็นคนกล้าหาญมากนะ ดึงความกล้าในตัวเธอออกมาและเข้าไปพูดคุย ปรับความเข้าใจกับครอบครัวเลย น้องหมีเชื่อว่าเธอทําได้แน่นอน คนเก่งของน้องหมี	https://storage.cloud.google.com/card_ibearu/Family%20-%2029.png	83.3	84.8
30	THE THINKER	ตอนนี้เธออาจจะกําลังสับสนหรือกังวลใจอยู่ อาจจะต้องใช้เวลาในการทบทวนสิ่งต่าง ๆ ถ้าเธอไม่อยากคุยหรือปรับความเข้าใจกับครอบครัวตรง ๆ อาจจะใช้วิธีการพูดคุยกันในรูปแบบอื่น ๆ เช่น การเขียนกระดาษโน้ตทิ้งไว้หรือการเขียนการ์ดไปให้	เธอสามารถพูดคุยปรับความเข้าใจกับครอบครัวได้ แต่อาจจะต้องใช้เวลาสักหน่อย ถ้ารู้สึกเหงาหรือไม่สบายใจในระหว่างนี้สามารถคุยกับน้องหมี และกอดน้องหมีได้เสมอนะ	https://storage.cloud.google.com/card_ibearu/Family%20-%2030.png	88.1	89.6
31	THE GATHERING	การที่ได้คุยกันอย่างพร้อมหน้าพร้อมตาเป็นอีกวิธีที่ทำให้เราไม่ต้องเผชิญหน้าเพียงลำพัง ทุกคนในครอบครัวจะได้มองเห็นถึงปัญหาและช่วยกันเสนอวิธีแก้ไข แต่ทั้งหมดนี้ต้องใช้เหตุผลในการคุยกัน ไม่ใช้อารมณ์ในการแก้ปัญหา	เธอเป็นคนกล้าหาญมากเลย น้องหมีชื่นชมในตัวเธอมาก ๆ นะ ที่เธออยากคุยกับทุกคนในครอบครัว น้องหมีเชื่อว่าเธอจะปรับความเข้าใจกับคนในครอบครัว และปรับความสัมพันธ์ภายในครอบครัวให้ดีขึ้นได้	https://storage.cloud.google.com/card_ibearu/Family%20-%2031.png	75.3	76.8
32	THE ALLIES	วิธีการหาคนมาช่วยไกล่เกลี่ยก็เป็นอีกวิธีที่ดีเลยนะ น้องหมีจึงอยากแนะนำอาจจะให้ญาติๆของเธอมาเป็นคนกลางในการช่วยหาทางออก หรืออีกอย่าง คือ เธออาจจะลองหานักบำบัดครอบครัวมาช่วยจัดการปัญหาของเธอ	การที่มีคนมาช่วยแก้ปัญหาให้ไม่ใช่เรื่องที่แย่เลย บางทีการที่มีคนมาช่วยไกล่เกลี่ยอาจจะทำให้ทุกอย่างดีขึ้นได้นะ น้องหมีจะเป็นกำลังใจให้เธอเสมอเลยนะ	https://storage.cloud.google.com/card_ibearu/Family%20-%2032.png	84.9	86.4
33	THE AGENT	การที่เธอเลือกที่จะให้คนกลางมาช่วยไกล่เกลี่ยเป็นวิธีที่ดีเลยนะ การที่เราขอความช่วยเหลือจากคนอื่นไม่ได้แย่เสมอไป คนที่เข้ามาช่วยเธออาจจะทำให้เธอและครอบครัวเข้าใจกันได้มากขึ้น	เธอไม่ต้องกังวลไปนะ หากเธอได้พบกับคนกลางที่เข้ามาช่วยไกล่เกลี่ยได้แล้ว ทุกอย่างจะดีขึ้นนะ น้องหมีจะคอยอยู่เคียงข้างเธอเสมอ	https://storage.cloud.google.com/card_ibearu/Family%20-%2033.png	86.5	88
34	THE BLUE	ตอนนี้เธออาจจะยังไม่พร้อมที่จะเผชิญกับปัญหา น้องหมีอยากให้เธอลองทบทวน แล้วค่อยๆคิดอย่างเป็นเหตุเป็นผล อย่าเพิ่งใช้อารมณ์ในการตัดสินใจใดๆ เพราะการใช้อารมณ์จะทำให้สถานการณ์ต่างๆแย่ลง	ไม่ว่าตอนนี้เธอจะรู้สึกอย่างไร แต่อยากให้รู้ไว้ว่ายังมีน้องหมีที่ยังอยู่ข้างๆคุณตลอด หากรู้สึกต้องการใครสักคน หันมากอดน้องหมีได้นะ	https://storage.cloud.google.com/card_ibearu/Family%20-%2034.png	89.7	91.2
35	THE DAY-OFF	เธอนั่งพักแล้วลองทําใจให้สบายก่อนดีไหม แล้วหลังจากนั้นลองคิดทบทวนด้วยเหตุผลในสิ่งที่เขาทำ น้องหมีอยากให้เธอลองเปิดใจฟังอีกฝ่าย หรือเข้าไปคุยด้วยเหตุผล โดยที่ไม่ต้องมองว่าใครจะถูกหรือผิด น้องหมีอยากให้เธอมองที่ปัญหา น้องหมีว่าเธออาจจะได้คําตอบมากกว่านะ	น้องหมีคิดว่าตอนนี้เธออาจจะกําลังรอใครสักคนเข้ามาปลอบโยน และอาจจะสับสนหรือกังวลใจ อยากให้ใครสักคนมาเข้าใจเธอ แต่ไม่เป็นไรน้า น้องหมีจะเป็นเพื่อนที่คอยอยู่เคียงข้างเธอเอง	https://storage.cloud.google.com/card_ibearu/Family%20-%2035.png	70.5	72
36	THE FLASHBACK	ลองทบทวนเหตุการณ์ที่เกิดขึ้นดูอีกครั้งดีไหม นึกถึงช่วงเวลาที่เธอและครอบครัวมีช่วงเวลาที่ดีต่อกัน บางทีลึก ๆ แล้ว เธออาจจะต้องการครอบครัวของเธออยู่ ไม่มากก็น้อย แต่ถ้าไม่ต้องการแล้วน้องหมีว่า เธอควรหาที่พึ่งทางใจสักพักที่ทำให้เธอรู้สึกดีขึ้น แล้วเริ่มต้นใหม่กับทางเดินใหม่ของเธอเอง	น้องหมีเข้าใจนะว่าตอนนี้เธออาจจะยังไม่โอเค หรือยังเศร้าและเสียใจอยู่ แต่ไม่ว่าจะยังไงอยากให้รู้ไว้เสมอว่าน้องหมีจะยังอยู่กับเธอตรงนี้เสมอ	https://storage.cloud.google.com/card_ibearu/Family%20-%2036.png	91.3	91.5
37	HEAL YOURSELF	เธอยังไม่พร้อมมีการผูกมัดกับความรักครั้งใหม่  เธออาจต้องการใช้ชีวิตที่อิสระ หรือเยียวยาบาดแผลในอดีต เมื่อถึงวันที่คุณพร้อม ความรักครั้งใหม่ หรือการผูกมัดกับใครสักคนอาจไม่ได้เป็นเรื่องแย่เสมอไป	ไม่ว่าเหตุผลอะไรที่ทำให้เธอยังไม่กล้าผูกมัดกับใครและทำให้คุณเศร้าในวันนี้มากอดๆกันนะ	https://storage.cloud.google.com/card_ibearu/love-37.png	184.8	186
38	THE BEGINNING	เธอพร้อมสำหรับการมีความรักครั้งใหม่แล้วการผูกมัดกับใครสักคนไม่ได้เป็นเรื่องเลวร้าย แต่เป็นการชัดเจนในความสำคัญ และยังบอกว่าเธอริงจังในความสัมพันธ์ครั้งนี้ได้อีกด้วย	การเริ่มต้นกับรักครั้งใหม่มันยากแต่น้องหมีเป็นกำลังใจให้นะ สู้ๆ	https://storage.cloud.google.com/card_ibearu/love-38.png	172.8	175.1
39	THE LESSON	อดีตเป็นเพียงหนึ่งบทเรียนที่สอนเรา มันอาจจะเป็นเรื่องเจ็บปวด ในวันนี้หากเธอยังไม่พร้อมที่จะก้าวข้ามผ่านมันไป ก็ไม่เป็นไร สักวันมันจะดีขึ้นเอง	เสียใจได้แต่อย่าเสียใจนานเลยนะ น้องหมีไม่อยากให้หัวใจเธอต้องเจ็บปวด	https://storage.cloud.google.com/card_ibearu/love-39.png	180	182.3
50	TREADMILL	ถ้าเธอยังอยากไปต่อในความสัมพันธ์ที่ไม่ชัดเจน จะเป็นกำลังใจให้นะ แต่ถ้าเหนื่อยก็หยุดพักได้	ถ้ารู้สึกเหนื่อยกับการวิ่งตามใครสักคน เอาความรู้สึกของคุณมาฝากกับน้องหมีก่อนได้นะ เดี๋ยวจะช่วยชาจแบตให้เต็มเลยยยย	https://storage.cloud.google.com/card_ibearu/love-50.png	257.2	261.7
40	REMEMBRANCE	อยู่กับปัจจุบันและเดินบนเส้นทางใหม่อย่างระวัง มีสติ มองอดีตเป็นเส้นทางเก่าที่เป็นความทรงจําก็พอ เลือกจดจำความทรงจำดีๆ เก็บความทุกข์ไว้เป็นบทเรียน น้องหมีเชื่อว่าเธอจะรักษาแผลนี้หายได้อย่างแน่นอน	เวลาจะเยียวยาทุกสิ่ง น้องหมีจะอยู่ข้างๆ จนกว่าแผลของเธอจะหายดี	https://storage.cloud.google.com/card_ibearu/love-40.png	175.2	177.5
41	THE GRAVITY	ถ้าอยากได้แฟนแบบไหนให้ไปหาแฟนในสถานที่นั้นๆ เช่น ชอบคนที่รักในงานศิลปะก็ไปตามงาน Art gallery เป็นต้น และการออกไปสังคมใหม่ๆ ก็อาจทำให้เจอคนที่เราถูกใจได้นะ เมื่อเจอแล้วรวบรวมความกล้าทักเขาไปเลย	วันนี้เธอยังไม่มีคนพิเศษอยู่ข้างกาย ขอเป็นน้องหมีได้อยู่ข้างเธอในวันนี้นะ	https://storage.cloud.google.com/card_ibearu/love-41.png	170.4	172.7
42	THE SOCIETY	คุณรู้สึกเหงาแต่ไม่อยากมีแฟน ก็ลองหากิจกรรมใหม่ๆทำอาจชวนเพื่อนมาร่วมด้วย หรือ ออกไปเจอสังคมใหม่ๆ ไปสถานที่ใหม่ๆ ที่ไม่เคยไป จะได้ไม่เบื่อ ไม่เหงา	อยู่คนเดียวแล้วเหงา ออกไปหาอะไรทำสนุกๆกันดีกว่า	https://storage.cloud.google.com/card_ibearu/love-42.png	168	170.3
43	THE WALK TO REMEMBER	คิดถึงแฟนเก่าได้ ยังรู้สึกกับแฟนเก่าได้ แต่ต้องไม่ให้ตัวเองย่ำแย่ เราเองก็ต้องใช้ชีวิตต่อไป ออกไปหากิจกรรมใหม่ๆทำพัฒนาตัวเองให้ดีขึ้น แล้วสิ่งที่ดีจะตามมา	กอดๆนะ วันนี้ยังคิดถึงเขาอยู่ ไม่เป็นไร น้องหมีก็มีความคิดถึงมาให้เธอด้วยนะ น้องหมีไม่อยากให้เธอเจ็บปวดนานนะ	https://storage.cloud.google.com/card_ibearu/love-43.png	182.4	184.7
44	THE SAND WATCH	จะบอกให้ลืมไปเลยมันก็ยากอยู่นะ คนเราไม่ได้ลืมกันได้ง่ายๆ แม้การกลับมาอยู่คนเดียวมันจะยากสักหน่อย แต่เวลาจะเยียวยาทุกสิ่ง ทุกอย่างได้กลายเป็นความทรงจำไปแล้ว ขอให้เธอกลับมาเป็นคนที่สดใส และรักตัวเองได้เร็วๆนะ	ในวันนี้ยังคิดถึงเขาอยู่ไม่เป็นไร  ทุกอย่างมันต้องใช้เวลา อาจจะต้องอดทนกับมันหน่อยนะ น้องหมีเป็นกำลังใจให้	https://storage.cloud.google.com/card_ibearu/love-44.png	177.6	179.9
45	LOVE YOURSELF	ความรักของเธอตอนนี้อาจเจอเรื่องราวที่ทำให้รู้สึกไม่ดี แต่ถ้าเธอยังพอใจในความสัมพันธ์ที่เป็นอยู่ตอนนี้ ก็รักตัวเองและลองทบทวนถึงปัญหาที่เจอ เปิดใจคุยกัน และจับมือก้าวข้ามผ่านปัญหาไปให้ได้นะ น้องหมีเป็นกำลังใจให้	น้องหมีไม่รู้ว่าใครทำให้เธอเสียใจ แต่น้องหมีจะกอดปลอบเธอเอง อย่าเศร้าไป	https://storage.cloud.google.com/card_ibearu/love-45.png	208	214
46	THE ROAD	บางครั้งความรักก็ไม่ได้ราบรื่น อาจต้องมีปัญหาอุปสรรคกันบ้าง ต้องจับมือและก้าวข้ามผ่านไปด้วยกัน หันหน้าคุยกันพยายามหาปรับหาตรงกลาง ถ้าเขาเป็นความรักของเธอ เธอคงไม่อยากทำร้ายหรือทำให้เขาเสียใจใช่มั้ย	วันนี้เธออาจเสียใจกับความรัก น้องหมีจะอยู่ข้างๆคุณจนกว่าเธอจะหายดี ถ้าหายดีแล้ว อย่าลืมไปรักษาคุณความรักของเธอด้วยนะ	https://storage.cloud.google.com/card_ibearu/love-46.png	215	221
47	THE CROSSROAD	ที่ผ่านมาทั้งคู่ได้พยายามมากพอแล้ว พอถึงจุดนึงที่รู้สึกว่าความรักครั้งนี้ มันไปต่อไม่ได้ ก็ลองทบทวนตัวเองดู อาจจะห่างกัน หรือหยุดพักความรักครั้งนี้ รักตัวเองให้มากๆ อยู่ในจุดที่ตัวเองสบายใจ ดีที่สุด	เก่งมากที่เธอพยายามกับความรัก วันนี้เสียใจได้ แต่วันพรุ่งนี้ต้องยิ้ม รักตัวเองเยอะๆ น้องหมีมีความรักให้เธอเสมอนะ	https://storage.cloud.google.com/card_ibearu/love-47.png	222	226
48	CRUSH ON YOU	เมื่อเธอและเขาชัดเจนต่อกันก็ไม่ต้องกลัวที่จะพัฒนาขยับความสัมพันธ์ เพิ่มความกล้าให้ตัวเอง และไปบอกเขาให้รู้เลย!!	น้องหมีขอมอบความกล้าให้กับเธอ ตอนนี้ไปบอกความรู้สึกได้แล้ว	https://storage.cloud.google.com/card_ibearu/love-48.png	248	252.5
51	TIRED & LEAVE	การเดินออกมาในความสัมพันธ์ที่ไม่ชัดเจน วันนี้เธออาจเจ็บปวด แต่ในอนาคตเธอจะเจอความสัมพันธ์ที่ชัดเจน วันนี้ถอยออกมารักตัวเองก่อนนะ	เหนื่อยก็พัก เขาไม่รักก็พอ แต่น้องหมีรักและชัดเจนกับเธอเสมอนะ	https://storage.cloud.google.com/card_ibearu/love-51.png	261.8	266
52	THE CONSIDER	หากเธอพอใจในความสัมพันธ์นี้ก็ไม่มีอะไรมาห้ามความรู้สึกของเธอได้ แต่บางครั้งคนเราไม่สามารถทำตามความรู้สึกได้ตลอดนะ	เธอได้มอบความรักของเธอให้คนอื่นแล้ว วันนี้น้องหมีขอมอบความรักให้เธอบ้างนะ	https://storage.cloud.google.com/card_ibearu/love-52.png	299	308
53	LEFT BEHIND	เธอเก่งมากที่เลือกความถูกต้องและเดินออกมาจากความสัมพันธ์ครั้งนี้ มันอาจจะเจ็บปวด แต่สักวันเธอจะ พบรักที่ถูกต้องและรักที่ดีอย่างแน่นอน	ไม่เป็นไรนะคนเก่ง น้องหมีจะเป็นรักที่ดีให้เธอเอง	https://storage.cloud.google.com/card_ibearu/love-53.png	288	298
54	THE PIORITY	น้องหมีอยากให้เธอทบทวนจัดลำดับความสำคัญและค่อยๆทะยอยชำระหนี้ที่มี น้องหมีจะคอยอยู่เคียงข้างเสมอ จนถึงวันที่ปัญหาเรื่องหนี้นี้หมดไป	น้องหมีจะคอยอยู่เคียงข้างเสมอ จนถึงวันที่ปัญหาเรื่องหนี้นี้หมดไป	https://storage.cloud.google.com/card_ibearu/money-54.png	408	412.9
55	THE RESTAINER	น้องหมีอยากให้เธอค่อยๆลองทบทวนก่อนที่จะลงมือทำสิ่งใด เพราะเมื่อเราได้ทำการกู้ยืมเงินมาโปะหนี้แล้วสุดท้ายแล้วเธอก็ต้องนำเงินกลับไปจ่ายเจ้าหนี้ที่เธอได้ทำการกู้มา น้องหมีจะเป็นกำลังใจให้เธอเสมอในขณะที่เธอกำลังคิดทบทวนนะ	น้องหมีอยากให้เธอใช้เวลาในการไตร่ตรองให้ดีก่อนที่จะทำสิ่งใด น้องหมีจะเป็นกําลังใจให้เธอและคอยอยู่เคียงข้างเธอเสมอ	https://storage.cloud.google.com/card_ibearu/money-55.png	413	417.9
56	THE PRICE TAG	น้องหมีอยากให้ลองคำนึงถึงทรัพย์สินใดที่ไม่จำเป็นและสามารถนำไปขายได้ ก็นำไปขายเพื่อให้ได้ทุน น้องหมีอยากให้เธอลองคิดทบทวนก่อนเวลาที่จะซื้อของอะไร เพื่อเป็นการประหยัดเงินของเธอ น้องหมีเชื่อว่าการมีสติก่อนที่จะเลือกซื้อของจะทำให้ปัญหาหนี้ของเธอหมดไปได้	น้องหมีอยากให้ทุกคนมีสติในการใช่จ่ายสิ่งของต่างๆ น้องหมีเชื่อว่าถ้าทุกคนทำตามคำแนะนำนี้ ปัญหาหนี้ของเธอต้องลดลงอย่างแน่นอน	https://storage.cloud.google.com/card_ibearu/money-56.png	418	422.9
57	THE INTERN	น้องหมีอยากแนะนำอีก 1 วิธี ให้ลองถามคนรอบๆตัวว่ามีใครพอที่จะรับเราไปทำงานได้ไหม หรืออาจจะลองไปถามตามห้างสรรพสินค้าต่างๆ น้องหมีคิดว่าถ้าเรามีความพยายามที่จะหางานทำ เราจะได้ทำงานอย่างที่ตั้งใจแน่นอน	น้องหมีอยากให้ทุกคนมั่นใจในความสามารถที่เรามี น้องหมีเชื่อว่าถ้าเรามีความพยายามที่จะหางานทํา เราจะได้ทํางานอย่างที่ตั้งใจนะ	https://storage.cloud.google.com/card_ibearu/money-57.png	423	427.5
\.


--
-- Data for Name: choices; Type: TABLE DATA; Schema: public; Owner: ibearyou
--

COPY public.choices (choice_id, next_question_id, seq, des, choice_score, question_id) FROM stdin;
1	41002	1	มากที่สุด	5	{41001}
2	41002	2	มาก	4	{41001}
3	41002	3	ปานกลาง	3	{41001}
4	41002	4	น้อย	2	{41001}
5	41002	5	น้อยที่สุด	1	{41001}
6	41003	1	อยากปรับความเข้าใจตอนนี้	1	{41002}
7	41003	2	ยังไม่อยากปรับความเข้าใจตอนนี้	5	{41002}
8	41004	1	เกิดจากตัวเอง	1.5	{41003}
9	41004	2	เกิดจากคนอื่น	5.5	{41003}
10	41005	1	แสดงออกแบบทางตรง	2	{41004}
11	41005	2	แสดงออกแบบทางอ้อม	6	{41004}
12	41006	1	กล้าที่จะเข้าหาก่อน	2.5	{41005}
13	41006	2	ไม่กล้าที่จะเข้าหาก่อน	6.5	{41005}
14	41007	1	อยากเป็นเพื่อนต่อไป	3	{41006}
15	41007	2	ไม่อยากเป็นเพื่อนแล้ว	7	{41006}
16	42002	1	มากที่สุด	5	{42001}
17	42002	2	มาก	4	{42001}
18	42002	3	ปานกลาง	3	{42001}
19	42002	4	น้อย	2	{42001}
20	42002	5	น้อยที่สุด	1	{42001}
21	42003	1	ใช่ รู้สึกท้อเเท้	15	{42002}
22	42003	2	ไม่ใช่ ไม่ได้รู้สึกท้อเเท้	11	{42002}
23	42004	1	ไม่ชอบสิ่งที่เรียนอยู่	2	{42003}
24	42004	2	ผลลัพธ์กับความพยายามสวนทางกัน	1	{42003}
25	42004	3	รู้สึกถึงความกดดันที่มากเกินไป	3	{42003}
26	42005	1	อยากพยายาม	11.5	{42004}
27	42005	2	ไม่ไหวแล้ว	15.5	{42004}
28	42006	1	รู้สึกว่าตัวเองตัดสินใจผิด	6	{42005}
29	42006	2	ไม่ได้กำหนดทางเลือกในการเรียนด้วยตัวเอง	5	{42005}
30	42006	3	เนื้อหาที่เรียนยากเกินไป	4	{42005}
31	42007	1	กดดันตนเองมากเกินไป	16	{42006}
32	42007	2	ได้รับความกดดันจากผู้อื่น	12	{42006}
33	43002	1	มากที่สุด	5	{43001}
34	43002	2	มาก	4	{43001}
35	43002	3	ปานกลาง	3	{43001}
36	43002	4	น้อย	2	{43001}
37	43002	5	น้อยที่สุด	1	{43001}
38	43003	1	อยากปรับความเข้าใจ	21	{43002}
39	43003	2	ไม่อยากปรับความเข้าใจ	25	{43002}
40	43004	1	เกิดจากตัวเอง	3	{43003}
41	43004	2	เกิดจากตัวเองและคนอื่น	2	{43003}
42	43004	3	เกิดจากคนอื่น	1	{43003}
43	43005	1	หาเวลาพูดคุยกับครอบครัวแบบพร้อมหน้าพร้อมตา	7	{43004}
44	43005	2	ลองแสดงออกทางการกระทำ	5	{43004}
45	43005	3	รอให้เธอและอีกฝ่ายอารมณ์เย็นลงก่อน	4	{43004}
46	43005	4	ลองเป็นฝ่ายที่เข้าไปพูดคุยกับครอบครัวก่อน	6	{43004}
47	43006	1	ต้องการคนไกล่เกลี่ย	25.5	{43005}
48	43006	2	ไม่ต้องการคนไกล่เกลี่ย	21.5	{43005}
49	43007	1	แสดงออกว่าอยากปรับความเข้าใจทางตรง	22	{43006}
50	43007	2	แสดงออกว่าอยากปรับความเข้าใจทางอ้อม	26	{43006}
51	45001	1	โสด	0	{44001}
52	45009	2	มีแฟน	0	{44001}
53	45017	3	คนคุย	0	{44001}
54	45025	4	มือที่ 3	0	{44001}
55	45002	1	การมีความรัก กลัวการเริ่มต้นใหม่ ไม่กล้าเปิดใจ	2	{45001}
56	45002	2	เหงา โสดนานเกินไป	1	{45001}
57	45002	3	คิดถึงแฟนเก่า / move on ไม่ได้	3	{45001}
58	45003	1	พอใจ	41	{45002}
59	45003	2	ไม่พอใจ	45	{45002}
60	45004	1	ไม่อยากผูกมัดกับใคร	41.5	{45003}
61	45004	2	ยังเจ็บจากรักเก่า	45.5	{45003}
62	45005	1	ใช่	42	{45004}
63	45005	2	ไม่ใช่	46	{45004}
64	45006	1	ยอมรับได้	42.5	{45005}
65	45006	2	ยอมรับไม่ได้	46.5	{45005}
66	45010	1	พอใจ	51	{45009}
67	45010	2	ไม่พอใจ	55	{45009}
68	45011	1	ทะเลาะค่อนข้างน้อย	1	{45010}
69	45011	2	ทะเลาะกันปานกลาง	2	{45010}
70	45011	3	ทะเลาะกันบ่อยมาก	3	{45010}
71	45012	1	ได้ลองเปิดใจคุยกันแล้ว	51.5	{45011}
72	45012	2	ยังไม่เคยลองเปิดใจคุยกันเลย	55.5	{45011}
73	45013	1	แฟนของเธอมีข้อดีมากกว่า	52	{45012}
74	45013	2	แฟนของเธอมีข้อเสียมากกว่า	56	{45012}
75	45014	1	ยังอยากพยายามต่อกับความรัก	52.5	{45013}
76	45014	2	รู้สึกเหนื่อย ไม่อยากพยายามแล้ว	56.5	{45013}
77	45018	1	เพิ่งเริ่มคุยได้ไม่นาน	1	{45017}
78	45018	2	คุยมาสักพักแต่ไม่นานมาก	2	{45017}
79	45018	3	คุยมานานมาก	3	{45017}
80	45019	1	เข้ากันได้ดีมาก	61	{45018}
81	45019	2	เข้ากันได้บ้าง	63	{45018}
82	45019	3	เข้ากันไม่ได้เลย	65	{45018}
83	45020	1	ความสัมพันธ์ชัดเจน	61.5	{45019}
84	45020	2	ความสัมพันธ์ที่ไม่ชัดเจน	65.5	{45019}
85	45021	1	อยากพัฒนาความสัมพันธ์ต่อไป	62	{45020}
86	45021	2	ไม่อยากความสัมพันธ์ต่อ	66	{45020}
87	45022	1	เขาปฎิบัติกับเราเหมือนคนพิเศษ	62.5	{45021}
88	45022	2	เขาปฎิบัติกับเราเหมือนคนทั่วไป	66.5	{45021}
89	45026	1	พอใจ	75	{45025}
90	45026	2	ไม่พอใจ	71	{45025}
91	45027	1	รู้ตั้งแต่แรก	75.5	{45026}
92	45027	2	รู้เมื่อได้คุยมาสักพัก	71.5	{45026}
93	45028	1	เขามาบอก	76	{45027}
94	45028	2	รู้ด้วยตัวเอง	72	{45027}
95	45029	1	100%	5	{45028}
96	45029	2	75%	4	{45028}
97	45029	3	50%	3	{45028}
98	45029	4	25%	2	{45028}
99	45029	5	ไม่มีความจริงใจ	1	{45028}
100	45030	1	นอกใจแน่นอน	72.5	{45029}
101	45030	2	ไม่นอกใจ เชื่อมั่นในตัวเขา	76.5	{45029}
102	46002	1	มากที่สุด	5	{46001}
103	46002	2	มาก	4	{46001}
104	46002	3	ปานกลาง	3	{46001}
105	46002	4	น้อย	2	{46001}
106	46002	5	น้อยที่สุด	1	{46001}
107	46003	1	ลองจัดลำดับความสำคัญของหนี้กัน	85	{46002}
108	46003	2	มาลองวางแผนการใช้เงินกัน	80	{46002}
109	46004	1	คิดออกๆ	80.5	{46003}
110	46004	2	ยังไม่เข้าใจเท่าไหร่	85.5	{46003}
111	46005	1	ยืม/กู้เงินจากคนอื่นมาโปะหนี้	82	{46004}
112	46005	2	ขายสินทรัพย์ที่ตนเองมีอยู่	81.5	{46004}
113	46005	3	เพิ่มรายได้ด้วยงานพิเศษ	81	{46004}
114	46006	1	ข้อดีมากกว่า	86	{46005}
115	46006	2	ข้อเสียมากกว่า	82.5	{46005}
116	46007	1	เช็คว่ามีทรัพย์สินใดที่จะนำมาขายได้บ้าง	84	{46006}
117	46007	2	นำทรัพย์สินที่มีความจำเป็นน้อยไปขายก่อน	83.5	{46006}
118	46007	3	ทำทั้ง 2 วิธีข้างต้น	83	{46006}
119	40002	1	อารมณ์ดีมาก	0	{40001}
120	40002	2	อารมณ์ดี	0	{40001}
121	40002	3	รู้สึกเฉยๆ	0	{40001}
122	40002	4	ไม่ค่อยดีเลย	0	{40001}
123	40002	5	รู้สึกเศร้า	0	{40001}
124	40003	1	ใช่	0	{40002}
125	40003	2	ไม่ใช่	0	{40002}
126	41001	1	เรื่องเพื่อน	0	{40003}
127	42001	2	เรื่องเรียน	0	{40003}
128	43001	3	เรื่องครอบครัว	0	{40003}
129	44001	4	เรื่องความรัก	0	{40003}
130	46001	5	เรื่องการเงิน	0	{40003}
\.


--
-- Data for Name: diary; Type: TABLE DATA; Schema: public; Owner: ibearyou
--

COPY public.diary (diary_id, title, good, bad, wish, create_date, user_id, feel_id) FROM stdin;
47	ครอบครัว	วันนี้แม่น่ารักมาก ทำอาหารให้กิน	ปวดหัวจนลุกไม่ไหว	อยากให้แม่ทำหมูอบให้กินอีก	2021-11-24 15:37:48.230258	27	1
45	การเรียน	ขอบคุณที่มีเพื่อนที่ดีคอยรับฟังเราเสมอ	เรียนหนักมาก เหนื่อยจัง	อยากให้เรียนจบไวๆ	2021-11-28 15:37:48.230258	27	4
48	ครอบครัว	วันนี้พระจันทร์สวยเป็นพิเศษเลยนะ	ทำไมคนที่บ้านไม่เข้าใจเราเลยสักคน	แค่อยากให้เขาเข้าใจเราบ้างเท่านั้น	2021-11-27 15:37:48.230258	27	5
\.


--
-- Data for Name: feel; Type: TABLE DATA; Schema: public; Owner: ibearyou
--

COPY public.feel (feel_id, feel_name) FROM stdin;
1	รู้สึกอารมณ์ดีมาก
2	รู้สึกอารมณ์ดี
3	รู้สึกเฉยๆ
4	รู้สึกอารมณ์ไม่ค่อยดี
5	รู้สึกอารมณ์ไม่ดีเลย
\.


--
-- Data for Name: heal_sentence; Type: TABLE DATA; Schema: public; Owner: ibearyou
--

COPY public.heal_sentence (hs_id, heal_sentence) FROM stdin;
1	วันนี้อาจจะยากหน่อย แต่เชื่อสิ สักวันมันจะผ่านไปได้
2	ถ้าเธอเหนื่อย แค่หยุดพัก แล้วค่อยไปต่อ
3	เวลาจะเยียวยาทุกอย่าง เธออาจรู้สึกแย่ โคตรจะแย่ แต่เดี๋ยวมันก็จะผ่านไปเป็นแค่อดีต
4	วันนี้อาจจะเหนื่อย และมีเรื่องให้ต้องทุกข์ใจเยอะ ตอนนี้เรามาพักสักหน่อยกันเถอะ
5	ช่วงเวลาดีๆ จะกลายเป็นความทรงจำที่ดี และช่วงเวลาแย่ๆ จะกลายเป็นบทเรียนที่ดี
6	เป็นธรรมดาที่ช่วงหนึ่งของชีวิตที่เราจะรู้สึกแย่ แต่ขออย่าท้อแท้เพราะคงไม่มีใครที่จะแพ้ได้ทุกวัน
7	คุณค่าของความรักไม่มีวันสูญสลาย ยอมรับเถอะว่าการจากลานั้นเศร้าและเจ็บปวดเสมอ แต่จุดสิ้นสุด บางครั้งก็เป็นจุดเริ่มต้นของอะไรบางอย่างนะ
8	ทุกคนก็มีวันแย่ ๆ เหมือนกัน “อดทนไว้” มันก็แค่วัน ๆ หนึ่ง เดี๋ยวมันก็ผ่านไป
9	ขนาดมะม่วงยังสุข แล้วคุณจะทุกข์ทำไม?
10	สูดหายใจเข้าลึก ๆ มันเป็นเพียงวันที่เลวร้าย แต่ไม่ใช่ชีวิตที่เลวร้าย
11	ภูเขายังมีเนิน แล้วเมื่อไหร่เธอจะเหินท้องฟ้าไปหาความสุข
12	วันพรุ่งนี้ ทุกอย่างจะดีขึ้นเอง
13	เราอยู่ตรงนี้แล้ว มีอะไรระบายมาได้เลย
14	อย่าเสียใจหรือจมปลักกับอดีตเลย เพราะมันได้ผ่านไปแล้ว
15	ในเรื่องร้ายๆ ก็ยังมีสิ่งดีๆรอเธออยู่นะ
16	เมื่อไหร่ที่เธอสามารถปล่อยอดีตให้ผ่านไปได้ สิ่งที่ดียิ่งกว่าก็จะตามมา
17	ต่อให้เธอจะไปเจออะไรที่แย่ๆมา แต่วันนี้เธอยังมีเราคอยเคียงข้างเธอเสมอนะ
18	เราก็ไม่รู้เธอจะรู้สึกแย่สักแค่ไหน แต่เรายินดีจะทำความเข้าใจเธอนะ
19	เมื่อยามที่เธอทุกข์ อยากให้เธอรู้ไว้ว่าเธอไม่ได้อยู่คนเดียวนะ เราจะอยู่ข้างเธอเสมอ
20	ไม่มีคำว่าสาย สำหรับการเริ่มต้นใหม่อีกครั้ง
21	ชีวิตมันก็เหมือนกับรถไฟเหาะนั่นแหละ ใช้ชีวิตให้มีความสุข และสนุกไปกันมันเถอะ
22	ทำตัวเองให้มีความสุข และลองเป็นเหตุผลของรอยยิ้มของใครสักคนดูสิ
23	เมื่อคุณให้อภัย คุณจะรู้สึกดีขึ้น และเมื่อคุณปล่อยวาง คุณจะโตขึ้น
24	วิธีที่ดีที่สุดที่จะให้ใครมารัก คือ การรักตัวเอง
25	ไม่ว่าชีวิตของคุณจะถูกปลูกลงที่ใด จงเบ่งบานอย่างงดงามและภูมิใจ
26	จงเคารพตัวเองให้มากพอ ที่จะเดินออกมาจากสิ่งต่าง ๆ ที่ไม่ทำให้คุณเติบโตขึ้นอีกต่อไป
27	วันไหนโลกไม่โอบกอดเธอแล้ว เราจะโอบกอดเธอเอง
28	ท้องฟ้าน่ารักไม่เปลี่ยน เหมือนเธอเลย
29	เพราะพรุ่งนี้มีไว้ให้เธอได้พิสูจน์ฝีมือว่าเธอเก่งมากแค่ไหน
30	ยิ้มให้กว้างมากกว่าที่เคยยิ้ม และได้โปรดอย่าเศร้านานนักเลย
31	ไม่ต้องเก่งทุกอย่างก็ได้ ใช้ชีวิตให้มีความสุขเถอะนะ
\.


--
-- Data for Name: question; Type: TABLE DATA; Schema: public; Owner: ibearyou
--

COPY public.question (question_id, detail, next_question_id, quest_type_id) FROM stdin;
{40001}	วันนี้เธอเป็นยังไงบ้าง	\N	1
{40002}	เธอกําลังรู้สึกเศร้าหรือเครียดอยู่ใช่ไหม	\N	1
{40003}	เธอกําลังรู้สึกเศร้าหรือเครียดเรื่องอะไรอยู่	\N	1
{41001}	ตอนนี้ปัญหาเรื่องเพื่อนกระทบต่อจิตใจเธอมากแค่ไหน	\N	1
{41002}	เธออยากปรับความเข้าใจกับเพื่อนไหม	\N	1
{41003}	น้องหมีอยากให้เธอลองทบทวนดูว่าจริงๆแล้วปัญหาที่เกิดขึ้นเกิดจากอะไร	\N	1
{41004}	ถ้าเธออยากที่จะขอโทษใครสักคน เธออยากแสดงออกทางใดมากกว่ากัน	\N	1
{41005}	เธอกล้าที่จะไปปรับความเข้าใจกับเพื่อนก่อนหรือไม่	\N	1
{41006}	เธอยังอยากที่จะรักษาความสัมพันธ์ของการเป็นเพื่อนอยู่ไหม	\N	1
{41007}	เธออยากระบายให้น้องหมีฟังไหม พิมพ์มาได้เลย น้องหมีจะคอยรับฟังเธอเอง แต่ถ้ายังไม่พร้อมสามารถกดถัดไปได้นะ	41008	2
{41008}	อยากให้เธอทำใจให้สบายก่อน	41009	3
{41009}	เธออาจต้องการใครสักคน ให้น้องหมีอยู่ข้างๆเธอนะ	\N	3
{42001}	ปัญหาเรื่องเรียนกระทบต่อจิตใจเธอมากแค่ไหน	\N	1
{42002}	เธอกําลังรู้สึกท้อแท้เรื่องเรียนใช่ไหม	\N	1
{42003}	สาเหตุมาจากอะไรกันนะ? เลือกสิ่งที่ตรงกับเธอมากที่สุด	\N	1
{42004}	เธอมาลองพยายามกันอีกสักครั้งกันไหม	\N	1
{42005}	เธอคิดว่าอะไรคือสิ่งที่ทำให้ไม่ชอบในการเรียน	\N	1
{42006}	ความรู้สึกกดดันที่เธอกำลังเผชิญอยู่นั้นเกิดมาจากอะไร	\N	1
{42007}	เรื่องที่เธอกังวลในใจตอนนี้ เธอสามารถพิมพ์ลงในกล่องข้อความได้นะ แต่ถ้าไม่พร้อมสามารถกดถัดไปได้นะ	42008	2
{42008}	เธอเก่งมากที่สุดแล้ว ความพยายามของเธอจะไม่สูญเปล่า	42009	3
{42009}	ในวันที่รู้สึกไม่ไหว หยุดพักได้นะ ไม่ต้องรีบ	\N	3
{43001}	ปัญหาครอบครัวของเธอกระทบต่อจิตใจเธอแค่ไหน	\N	1
{43002}	เธออยากปรับความเข้าใจกับครอบครัวไหม	\N	1
{43003}	เราอยากให้เธอลองทบทวนดูว่าจริง ๆ แล้วปัญหาที่เกิดขึ้นเกิดจากอะไร	\N	1
{43004}	น้องหมีอยากให้เธอได้ลองเลือกวิธีที่เหมาะสมกับเธอมากที่สุด	\N	1
{43005}	เธอคิดว่าเธอต้องการคนช่วยในการไกล่เกลี่ยปัญหานี้ไหม	\N	1
{43006}	ถ้าเธออยากปรับความเข้าใจกับครอบครัว เธอจะแสดงออกทางใด	\N	1
{43007}	เธออยากระบายความทุกข์ในใจ ให้น้องหมีฟังไหม พิมพ์มาได้เลยนะ แต่ถ้ายังไม่อยากระบายกดถัดไปได้นะ	43008	2
{43008}	ตอนนี้คุณกำลังหมดกำลังใจในการแก้ปัญหาต่างๆอยู่รึเปล่านะ	43009	3
{43009}	แต่น้องหมีพกกำลังใจมาให้คุณเต็มเลย	\N	3
{44001}	ตอนนี้เธอกําลังอยู่ในสถานะไหน	\N	1
{45001}	สาเหตุอะไรที่ทําให้เธอรู้สึกกังวลใจ	\N	1
{45002}	เธอพอใจกับความรู้สึกในตอนนี้หรือไม่	\N	1
{45003}	สาเหตุอะไรที่ทำให้เธอรู้สึกกลัวการมีความรักครั้งใหม่	\N	1
{45004}	เธออยากมีใครสักคนมาเป็นคนพิเศษในชีวิตใช่ไหม	\N	1
{45005}	ถ้าตอนนี้เธอกําลังตกหลุมรักใครสักคนและ หากวันนึงเขาจากไปเพราะเราไม่ได้ผูกมัดกัน เธอจะยอมรับได้หรือไม่	\N	1
{45006}	เธอมีอะไรที่อยากจะบอกกับตัวเองในวันนี้ไหม พิมพ์สิ่งที่เธออยากบอกกับตัวเองในกล่องข้อความได้เลย แต่ถ้ายังไม่อยากบอกกดถัดไปได้เลยนะ	45007	2
{45007}	วันนึงที่เธอพร้อมจะเปิดใจ สิ่งดี ๆ ก็จะเข้ามาหาเธอเอง	45008	3
{45008}	ต่อจากนี้ให้น้องหมีได้ช่วยเยียวยาจิตใจของเธอนะ	\N	3
{45009}	เธอพอใจในความสัมพันธ์ของเธอในตอนนี้หรือไม่	\N	1
{45010}	อาทิตย์ที่ผ่านมาเธอทะเลาะกับแฟนบ่อยแค่ไหน	\N	1
{45011}	เธอได้เปิดใจพูดคุยถึงปัญหากันหรือยัง	\N	1
{45012}	บอกได้ไหมว่า แฟนของเธอมีข้อดีหรือข้อเสียมากกว่ากัน	\N	1
{45013}	ความรักครั้งนี้คุณยังอยากจับมือกันและพยายามต่อหรือไม่	\N	1
{45014}	เธอมีอะไรที่อยากจะบอกกับตัวเองในวันนี้ไหม พิมพ์สิ่งที่เธออยากบอกกับตัวเองในกล่องข้อความได้เลย แต่ถ้ายังไม่อยากบอกกดถัดไปได้เลยนะ	45015	2
{45015}	เธออาจจะต้องใช้เวลาในการทบทวนสิ่งต่างๆที่ผ่านมานะ	45016	3
{45016}	หากวันไหนที่เธอไม่สบายใจ สามารถมาคุยกับน้องหมีได้เสมอนะ	\N	3
{45017}	เธออยู่ในสถานะคนคุยมานานแค่ไหน	\N	1
{45018}	เธอกับเข้ากันได้ดีกับอีกฝ่ายมากแค่ไหน	\N	1
{45019}	ความสัมพันธ์ของเธอตอนนี้อีกฝ่ายมีความชัดเจนหรือไม่	\N	1
{45020}	เธออยากคุยและพัฒนาความสัมพันธ์ต่อกับคนนี้ไหม	\N	1
{45021}	เขาปฏิบัติกับเธอเป็นคนพิเศษหรือทำแบบนี้กับเหมือนคนทั่วไป	\N	1
{45022}	เธอมีอะไรที่อยากจะบอกกับตัวเองในวันนี้ไหม พิมพ์สิ่งที่เธออยากบอกกับตัวเองในกล่องข้อความได้เลย แต่ถ้ายังไม่อยากบอกกดถัดไปได้เลยนะ	45023	2
{45023}	เหนื่อยมั้ย พักสักหน่อยได้นะ	45024	3
{45024}	เธอเหมาะสมกับการได้รับความรัก	\N	3
{45025}	เธอพอใจในความสัมพันธ์ในตอนนี้หรือไม่	\N	1
{45026}	เธอรู้หรือไม่ว่าคนที่คุณรักตอนนี้เขามีเจ้าของแล้ว	\N	1
{45027}	เธอรู้ได้อย่างไรว่าเขามีเจ้าของ	\N	1
{45028}	เธอคิดว่าเขาจริงใจกับเธอแค่ไหน	\N	1
{45029}	ถ้ามีโอกาสได้เป็นแฟนกัน เธอคิดว่าเขาจะนอกใจหรือไม่	\N	1
{45030}	เธอมีอะไรที่อยากจะบอกกับตัวเองในวันนี้ไหมพิมพ์สิ่งที่เธออยากบอกกับตัวเองในกล่องข้อความได้เลย แต่ถ้าไม่มีสามารถกดถัดไปได้เลยนะ	45031	2
{45031}	ยังมีคนดี ๆ ที่รอให้เราไปเจออีกเยอะ	45032	3
{45032}	ความรักที่ดี จะไม่ทำให้เรานั้นทุกข์ใจมากกว่ามีความสุข	\N	3
{46001}	ตอนนี้ปัญหาเรื่องการเงินของเธอกระทบต่อจิตใจเธอแค่ไหน	\N	1
{46002}	เรามาข้ามผ่านอุปสรรคนี้ไปด้วยกันนะ โดยน้องหมีอยากนำเสนอรูปแบบเหล่านี้มาให้เธอได้ลองเลือก	\N	1
{46003}	ถ้าให้เธอลองวางแผนจัดระเบียบหนี้ เธอพอจะนึกออกกันไหม	\N	1
{46004}	เธอมองว่ารูปแบบใดที่เธอสามารถพอที่จะทำให้หนี้ลดลงไปได้	\N	1
{46005}	เธอคิดว่าการยืม/กู้เงินเพื่อมาโปะหนี้มีข้อดีหรือข้อเสียมากกว่ากัน?	\N	1
{46006}	น้องหมีอยากให้เธอทำใจให้สบาย และลองคิดว่ามีวิธีใดที่จะช่วยทำให้ตัดสินใจขายได้ง่ายขึ้น	\N	1
{46007}	เธอมีอะไรที่อยากจะบอกกับตัวเองในวันนี้ไหมพิมพ์สิ่งที่เธออยากบอกกับตัวเองในกล่องข้อความได้เลย แต่ถ้าไม่มีสามารถกดถัดไปได้เลยนะ	46008	2
{46008}	อาจจะใช้เวลาสักหน่อยนะ อย่าเพิ่งท้อน้า	46009	3
{46009}	น้องหมีเชื่อมั่นในตัวเธอเสมอ	\N	3
\.


--
-- Data for Name: question_type; Type: TABLE DATA; Schema: public; Owner: ibearyou
--

COPY public.question_type (quest_type_id, name) FROM stdin;
1	ตัวเลือก
2	พิมพ์ข้อความ
3	ประโยคให้กำลังใจ
\.


--
-- Data for Name: questionnaire_question; Type: TABLE DATA; Schema: public; Owner: ibearyou
--

COPY public.questionnaire_question (qq_id, questionnaire_id, question_id, create_date) FROM stdin;
1	0	{40001,40002,40003}	2021-10-16 16:56:01
2	1	{41001,41002,41003,41004,41005,41006,41007,41008,41009}	2021-10-16 16:56:02
3	2	{42001,42002,42003,42004,42005,42006,42007,42008,42009}	2021-10-16 16:56:03
4	3	{43001,43002,43003,43004,43005,43006,43007,43008,43009}	2021-10-16 16:56:04
5	4	{44001}	2021-10-16 16:56:05
6	5	{45001,45002,45003,45004,45005,45006,45007,45008}	2021-10-16 16:56:06
7	6	{45009,45010,45011,45012,45013,45014,45015,45016}	2021-10-16 16:56:07
8	7	{45017,45018,45019,45020,45021,45022,45023,45024}	2021-10-16 16:56:08
9	8	{45025,45026,45027,45028,45029,45030,45031,45032}	2021-10-16 16:56:09
10	9	{46001,46002,46003,46004,46005,46006,46007,46008,46009}	2021-10-16 16:56:10
\.


--
-- Data for Name: questionnaires; Type: TABLE DATA; Schema: public; Owner: ibearyou
--

COPY public.questionnaires (questionnaire_id, questionnaire, next_questionnaire_id) FROM stdin;
0	คำถามเริ่มต้น	{1,2,3,4,9}
1	คำถามเรื่องเพื่อน	{}
2	คำถามเรื่องเรียน	{}
3	ครอบครัว	{}
4	ความรัก_ตัวเลือก	{5,6,8,9}
5	ความรักโสด	{}
6	มีแฟน	{}
7	คนคุย	{}
8	มือที่ 3	{}
9	คำถามเรื่องการเงิน	{}
\.


--
-- Data for Name: result; Type: TABLE DATA; Schema: public; Owner: ibearyou
--

COPY public.result (result_id, user_prompt, create_date, questionnaire_id, user_id, card_id) FROM stdin;
\.


--
-- Data for Name: sound; Type: TABLE DATA; Schema: public; Owner: ibearyou
--

COPY public.sound (sound_id, sound_name, sound_link) FROM stdin;
1	Des-Alarm	https://storage.cloud.google.com/sound_ibearu/Des-Alarm.mp3
2	Happy-Alarm	https://storage.cloud.google.com/sound_ibearu/Happy-Alarm.mp3
3	Med-Alarm	https://storage.cloud.google.com/sound_ibearu/Med-Alarm.mp3
\.


--
-- Data for Name: users; Type: TABLE DATA; Schema: public; Owner: ibearyou
--

COPY public.users (user_id, first_name, last_name, user_name, password, email, create_date, update_date, hs_id) FROM stdin;
28	ee	ee	ee	undefined	w1@gmail.com	2021-11-14 10:05:02.252217	2021-11-14 10:05:02.252217	\N
29	ee	ee	ee	undefined	w2@gmail.com	2021-11-14 10:06:48.23505	2021-11-14 10:06:48.23505	\N
30	ee	ee	ee	undefined	w3@gmail.com	2021-11-14 10:08:12.847673	2021-11-14 10:08:12.847673	\N
31	pound	deo	pp	1606	pound10@gmail.com	2021-11-15 09:54:18.467457	2021-11-15 09:54:18.467457	\N
32	dddd	ddd				2021-11-16 10:49:59.064967	2021-11-16 10:49:59.064967	\N
33	DO	RO	Deo	iloveu	deoro@gmail.com	2021-11-26 05:17:58.489144	2021-11-26 05:17:58.489144	1
34	Chayanut	Uthaipornchai	Pound	pound2000	pound@gmail.com	2021-11-26 05:17:58.489144	2021-11-26 05:17:58.489144	18
35	Fang	Fangty	atty	fang_atty	atty@gmail.com	2021-11-26 05:17:58.489144	2021-11-26 05:17:58.489144	24
36	Rin	tan	rinn	bualoi	rin@gmail.com	2021-11-26 05:17:58.489144	2021-11-26 05:17:58.489144	3
37	Kanokwan	Suradathanawat	nuy	nuy12	nuy@gmail.com	2021-11-26 05:17:58.489144	2021-11-26 05:17:58.489144	4
38	gg	gg	gg	2345	hh	2021-11-26 12:03:24.753629	2021-11-26 12:03:24.753629	\N
27	atty	ee	atty	1111	ee@gmail.com	2021-11-14 10:02:51.428965	2021-11-14 10:02:51.428965	\N
39	pound	deo	pp2	1606	pound13@gmail.com	2021-11-26 12:42:45.879053	2021-11-26 12:42:45.879053	\N
40	test	eee	ccc	eee	eee	2021-11-26 13:22:19.662397	2021-11-26 13:22:19.662397	\N
41	pound	deo	pp3	1606	pound14@gmail.com	2021-11-27 16:10:26.388853	2021-11-27 16:10:26.388853	\N
42	pound	deo	pp6	1606	pound15@gmail.com	2021-11-27 16:10:54.290206	2021-11-27 16:10:54.290206	\N
43	sss	ss	ssss	ssss	ss	2021-11-27 16:12:58.162597	2021-11-27 16:12:58.162597	\N
44	ww	www	ww	wwww	www	2021-11-27 16:13:31.273239	2021-11-27 16:13:31.273239	\N
45	tt	tt	tt	ttt	tt	2021-11-27 16:14:45.475337	2021-11-27 16:14:45.475337	\N
\.


--
-- Name: diary_diary_id_seq; Type: SEQUENCE SET; Schema: public; Owner: ibearyou
--

SELECT pg_catalog.setval('public.diary_diary_id_seq', 60, true);


--
-- Name: users_user_id_seq; Type: SEQUENCE SET; Schema: public; Owner: ibearyou
--

SELECT pg_catalog.setval('public.users_user_id_seq', 45, true);


--
-- Name: card card_pkey; Type: CONSTRAINT; Schema: public; Owner: ibearyou
--

ALTER TABLE ONLY public.card
    ADD CONSTRAINT card_pkey PRIMARY KEY (card_id);


--
-- Name: choices choices_pkey; Type: CONSTRAINT; Schema: public; Owner: ibearyou
--

ALTER TABLE ONLY public.choices
    ADD CONSTRAINT choices_pkey PRIMARY KEY (choice_id);


--
-- Name: diary diary_pkey; Type: CONSTRAINT; Schema: public; Owner: ibearyou
--

ALTER TABLE ONLY public.diary
    ADD CONSTRAINT diary_pkey PRIMARY KEY (diary_id);


--
-- Name: feel feel_pkey; Type: CONSTRAINT; Schema: public; Owner: ibearyou
--

ALTER TABLE ONLY public.feel
    ADD CONSTRAINT feel_pkey PRIMARY KEY (feel_id);


--
-- Name: heal_sentence heal_sentence_pkey; Type: CONSTRAINT; Schema: public; Owner: ibearyou
--

ALTER TABLE ONLY public.heal_sentence
    ADD CONSTRAINT heal_sentence_pkey PRIMARY KEY (hs_id);


--
-- Name: question question_pkey; Type: CONSTRAINT; Schema: public; Owner: ibearyou
--

ALTER TABLE ONLY public.question
    ADD CONSTRAINT question_pkey PRIMARY KEY (question_id);


--
-- Name: question_type question_type_pkey; Type: CONSTRAINT; Schema: public; Owner: ibearyou
--

ALTER TABLE ONLY public.question_type
    ADD CONSTRAINT question_type_pkey PRIMARY KEY (quest_type_id);


--
-- Name: questionnaire_question questionnaire_question_pkey; Type: CONSTRAINT; Schema: public; Owner: ibearyou
--

ALTER TABLE ONLY public.questionnaire_question
    ADD CONSTRAINT questionnaire_question_pkey PRIMARY KEY (qq_id);


--
-- Name: questionnaires questionnaires_pkey; Type: CONSTRAINT; Schema: public; Owner: ibearyou
--

ALTER TABLE ONLY public.questionnaires
    ADD CONSTRAINT questionnaires_pkey PRIMARY KEY (questionnaire_id);


--
-- Name: result result_pkey; Type: CONSTRAINT; Schema: public; Owner: ibearyou
--

ALTER TABLE ONLY public.result
    ADD CONSTRAINT result_pkey PRIMARY KEY (result_id);


--
-- Name: sound sound_pkey; Type: CONSTRAINT; Schema: public; Owner: ibearyou
--

ALTER TABLE ONLY public.sound
    ADD CONSTRAINT sound_pkey PRIMARY KEY (sound_id);


--
-- Name: users users_email_key; Type: CONSTRAINT; Schema: public; Owner: ibearyou
--

ALTER TABLE ONLY public.users
    ADD CONSTRAINT users_email_key UNIQUE (email);


--
-- Name: users users_pkey; Type: CONSTRAINT; Schema: public; Owner: ibearyou
--

ALTER TABLE ONLY public.users
    ADD CONSTRAINT users_pkey PRIMARY KEY (user_id);


--
-- Name: choices choices_question_id_fkey; Type: FK CONSTRAINT; Schema: public; Owner: ibearyou
--

ALTER TABLE ONLY public.choices
    ADD CONSTRAINT choices_question_id_fkey FOREIGN KEY (question_id) REFERENCES public.question(question_id);


--
-- Name: diary diary_feel_id_fkey; Type: FK CONSTRAINT; Schema: public; Owner: ibearyou
--

ALTER TABLE ONLY public.diary
    ADD CONSTRAINT diary_feel_id_fkey FOREIGN KEY (feel_id) REFERENCES public.feel(feel_id);


--
-- Name: diary diary_user_id_fkey; Type: FK CONSTRAINT; Schema: public; Owner: ibearyou
--

ALTER TABLE ONLY public.diary
    ADD CONSTRAINT diary_user_id_fkey FOREIGN KEY (user_id) REFERENCES public.users(user_id);


--
-- Name: question question_quest_type_id_fkey; Type: FK CONSTRAINT; Schema: public; Owner: ibearyou
--

ALTER TABLE ONLY public.question
    ADD CONSTRAINT question_quest_type_id_fkey FOREIGN KEY (quest_type_id) REFERENCES public.question_type(quest_type_id);


--
-- Name: questionnaire_question questionnaire_question_question_fk; Type: FK CONSTRAINT; Schema: public; Owner: ibearyou
--

ALTER TABLE ONLY public.questionnaire_question
    ADD CONSTRAINT questionnaire_question_question_fk FOREIGN KEY (question_id) REFERENCES public.question(question_id) NOT VALID;


--
-- Name: questionnaire_question questionnaire_question_questionnaire_id_fkey; Type: FK CONSTRAINT; Schema: public; Owner: ibearyou
--

ALTER TABLE ONLY public.questionnaire_question
    ADD CONSTRAINT questionnaire_question_questionnaire_id_fkey FOREIGN KEY (questionnaire_id) REFERENCES public.questionnaires(questionnaire_id);


--
-- Name: result result_card_id_fkey; Type: FK CONSTRAINT; Schema: public; Owner: ibearyou
--

ALTER TABLE ONLY public.result
    ADD CONSTRAINT result_card_id_fkey FOREIGN KEY (card_id) REFERENCES public.card(card_id);


--
-- Name: result result_questionnaire_id_fkey; Type: FK CONSTRAINT; Schema: public; Owner: ibearyou
--

ALTER TABLE ONLY public.result
    ADD CONSTRAINT result_questionnaire_id_fkey FOREIGN KEY (questionnaire_id) REFERENCES public.questionnaires(questionnaire_id);


--
-- Name: result result_user_id_fkey; Type: FK CONSTRAINT; Schema: public; Owner: ibearyou
--

ALTER TABLE ONLY public.result
    ADD CONSTRAINT result_user_id_fkey FOREIGN KEY (user_id) REFERENCES public.users(user_id);


--
-- Name: users users_hs_id_fkey; Type: FK CONSTRAINT; Schema: public; Owner: ibearyou
--

ALTER TABLE ONLY public.users
    ADD CONSTRAINT users_hs_id_fkey FOREIGN KEY (hs_id) REFERENCES public.heal_sentence(hs_id) NOT VALID;


--
-- PostgreSQL database dump complete
--

--
-- Database "postgres" dump
--

--
-- PostgreSQL database dump
--

-- Dumped from database version 14.0
-- Dumped by pg_dump version 14.0

SET statement_timeout = 0;
SET lock_timeout = 0;
SET idle_in_transaction_session_timeout = 0;
SET client_encoding = 'UTF8';
SET standard_conforming_strings = on;
SELECT pg_catalog.set_config('search_path', '', false);
SET check_function_bodies = false;
SET xmloption = content;
SET client_min_messages = warning;
SET row_security = off;

DROP DATABASE postgres;
--
-- Name: postgres; Type: DATABASE; Schema: -; Owner: ibearyou
--

CREATE DATABASE postgres WITH TEMPLATE = template0 ENCODING = 'UTF8' LOCALE = 'en_US.utf8';


ALTER DATABASE postgres OWNER TO ibearyou;

\connect postgres

SET statement_timeout = 0;
SET lock_timeout = 0;
SET idle_in_transaction_session_timeout = 0;
SET client_encoding = 'UTF8';
SET standard_conforming_strings = on;
SELECT pg_catalog.set_config('search_path', '', false);
SET check_function_bodies = false;
SET xmloption = content;
SET client_min_messages = warning;
SET row_security = off;

--
-- Name: DATABASE postgres; Type: COMMENT; Schema: -; Owner: ibearyou
--

COMMENT ON DATABASE postgres IS 'default administrative connection database';


SET default_tablespace = '';

SET default_table_access_method = heap;

--
-- Name: Question; Type: TABLE; Schema: public; Owner: ibearyou
--

CREATE TABLE public."Question" (
    "questionId" integer NOT NULL,
    detail character varying NOT NULL,
    choices json NOT NULL,
    "nextquestionId" integer
);


ALTER TABLE public."Question" OWNER TO ibearyou;

--
-- Name: User; Type: TABLE; Schema: public; Owner: ibearyou
--

CREATE TABLE public."User" (
    "userId" integer NOT NULL,
    "firstName" text NOT NULL,
    "lastName" text NOT NULL,
    password character varying NOT NULL,
    email character varying NOT NULL,
    birthday date NOT NULL,
    "profilePic" character varying,
    "createDate" timestamp with time zone NOT NULL,
    "updateDate" timestamp with time zone
);


ALTER TABLE public."User" OWNER TO ibearyou;

--
-- Data for Name: Question; Type: TABLE DATA; Schema: public; Owner: ibearyou
--

COPY public."Question" ("questionId", detail, choices, "nextquestionId") FROM stdin;
\.


--
-- Data for Name: User; Type: TABLE DATA; Schema: public; Owner: ibearyou
--

COPY public."User" ("userId", "firstName", "lastName", password, email, birthday, "profilePic", "createDate", "updateDate") FROM stdin;
\.


--
-- Name: Question Question_pkey; Type: CONSTRAINT; Schema: public; Owner: ibearyou
--

ALTER TABLE ONLY public."Question"
    ADD CONSTRAINT "Question_pkey" PRIMARY KEY ("questionId");


--
-- Name: User User_pkey; Type: CONSTRAINT; Schema: public; Owner: ibearyou
--

ALTER TABLE ONLY public."User"
    ADD CONSTRAINT "User_pkey" PRIMARY KEY ("userId");


--
-- PostgreSQL database dump complete
--

--
-- PostgreSQL database cluster dump complete
--

